iter	Logloss
0	0.6868135744
100	0.3731964267
200	0.2692318036
300	0.2164478294
400	0.1850404179
500	0.1625179086
600	0.1453467873
700	0.1320877563
800	0.1208861156
900	0.1117567572
999	0.1036641548
